{

    "RA":{
        "Square_01": [298, 65],
        "Square_02": [335, 65],
        "Square_03": [373, 65],
        "Square_04": [411, 65],
        "Square_05": [449, 65],
        "Square_06": [487, 65]
    },

    "Alternatives":{
        "01": {
            "A": [83, 207],
            "B": [121, 207],
            "C": [159, 207],
            "D": [196, 207],
            "E": [234, 207]
        },
        "02": {
            "A": [83, 227],
            "B": [121, 227],
            "C": [159, 227],
            "D": [196, 227],
            "E": [234, 227]
        },
        "03": {
            "A": [83, 247],
            "B": [121, 247],
            "C": [159, 247],
            "D": [196, 247],
            "E": [234, 247]
        },
        "04": {
            "A": [83, 267],
            "B": [121, 267],
            "C": [159, 267],
            "D": [196, 267],
            "E": [234, 267]
        },
        "05": {
            "A": [83, 287],
            "B": [121, 287],
            "C": [159, 287],
            "D": [196, 287],
            "E": [234, 287]
        },
        "06": {
            "A": [83, 307],
            "B": [121, 307],
            "C": [159, 307],
            "D": [196, 307],
            "E": [234, 307]
        },
        "07": {
            "A": [83, 327],
            "B": [121, 327],
            "C": [159, 327],
            "D": [196, 327],
            "E": [234, 327]
        },
        "08": {
            "A": [83, 347],
            "B": [121, 347],
            "C": [159, 347],
            "D": [196, 347],
            "E": [234, 347]
        },
        "09": {
            "A": [83, 367],
            "B": [121, 367],
            "C": [159, 367],
            "D": [196, 367],
            "E": [234, 367]
        },
        "10": {
            "A": [83, 387],
            "B": [121, 387],
            "C": [159, 387],
            "D": [196, 387],
            "E": [234, 387]
        },
        "11": {
            "A": [329, 207],
            "B": [367, 207],
            "C": [405, 207],
            "D": [442, 207],
            "E": [480, 207]
        },
        "12": {
            "A": [329, 227],
            "B": [367, 227],
            "C": [405, 227],
            "D": [442, 227],
            "E": [480, 227]
        },
        "13": {
            "A": [329, 247],
            "B": [367, 247],
            "C": [405, 247],
            "D": [442, 247],
            "E": [480, 247]
        },
        "14": {
            "A": [329, 267],
            "B": [367, 267],
            "C": [405, 267],
            "D": [442, 267],
            "E": [480, 267]
        },
        "15": {
            "A": [329, 287],
            "B": [367, 287],
            "C": [405, 287],
            "D": [442, 287],
            "E": [480, 287]
        },
        "16": {
            "A": [329, 307],
            "B": [367, 307],
            "C": [405, 307],
            "D": [442, 307],
            "E": [480, 307]
        },
        "17": {
            "A": [329, 327],
            "B": [367, 327],
            "C": [405, 327],
            "D": [442, 327],
            "E": [480, 327]
        },
        "18": {
            "A": [329, 347],
            "B": [367, 347],
            "C": [405, 347],
            "D": [442, 347],
            "E": [480, 347]
        },
        "19": {
            "A": [329, 367],
            "B": [367, 367],
            "C": [405, 367],
            "D": [442, 367],
            "E": [480, 367]
        },
        "20": {
            "A": [329, 387],
            "B": [367, 387],
            "C": [405, 387],
            "D": [442, 387],
            "E": [480, 387]
        },
        "21": {
            "A": [575, 207],
            "B": [613, 207],
            "C": [651, 207],
            "D": [688, 207],
            "E": [725, 207]
        },
        "22": {
            "A": [575, 227],
            "B": [613, 227],
            "C": [651, 227],
            "D": [688, 227],
            "E": [725, 227]
        },
        "23": {
            "A": [575, 247],
            "B": [613, 247],
            "C": [651, 247],
            "D": [688, 247],
            "E": [725, 247]
        },
        "24": {
            "A": [575, 267],
            "B": [613, 267],
            "C": [651, 267],
            "D": [688, 267],
            "E": [725, 267]
        },
        "25": {
            "A": [575, 287],
            "B": [613, 287],
            "C": [651, 287],
            "D": [688, 287],
            "E": [725, 287]
        },
        "26": {
            "A": [575, 307],
            "B": [613, 307],
            "C": [651, 307],
            "D": [688, 307],
            "E": [725, 307]
        },
        "27": {
            "A": [575, 327],
            "B": [613, 327],
            "C": [651, 327],
            "D": [688, 327],
            "E": [725, 327]
        },
        "28": {
            "A": [575, 347],
            "B": [613, 347],
            "C": [651, 347],
            "D": [688, 347],
            "E": [725, 347]
        },
        "29": {
            "A": [575, 367],
            "B": [613, 367],
            "C": [651, 367],
            "D": [688, 367],
            "E": [725, 367]
        },
        "30": {
            "A": [575, 387],
            "B": [613, 387],
            "C": [651, 387],
            "D": [688, 387],
            "E": [725, 387]
        }
    },

    "Others": {
        "31": {
            "Square_01": [133, 443],
            "Square_02": [171, 443],
            "Square_03": [209, 443],
            "Square_04": [247, 443],
            "Square_05": [284, 443],
            "Square_06": [322, 443]
        },
        "32": {
            "Square_01": [133, 487],
            "Square_02": [171, 487],
            "Square_03": [209, 487],
            "Square_04": [247, 487],
            "Square_05": [284, 487],
            "Square_06": [322, 487]
        },
        "33": {
            "Square_01": [133, 531],
            "Square_02": [171, 531],
            "Square_03": [209, 531],
            "Square_04": [247, 531],
            "Square_05": [284, 531],
            "Square_06": [322, 531]
        },
        "34": {
            "Square_01": [133, 575],
            "Square_02": [171, 575],
            "Square_03": [209, 575],
            "Square_04": [247, 575],
            "Square_05": [284, 575],
            "Square_06": [322, 575]
        },
        "35": {
            "Square_01": [133, 619],
            "Square_02": [171, 619],
            "Square_03": [209, 619],
            "Square_04": [247, 619],
            "Square_05": [284, 619],
            "Square_06": [322, 619]
        },
        "36": {
            "Square_01": [471, 445],
            "Square_02": [509, 445],
            "Square_03": [546, 445],
            "Square_04": [584, 445],
            "Square_05": [622, 445],
            "Square_06": [660, 445]
        },
        "37": {
            "Square_01": [471, 489],
            "Square_02": [509, 489],
            "Square_03": [546, 489],
            "Square_04": [584, 489],
            "Square_05": [622, 489],
            "Square_06": [660, 489]
        },
        "38": {
            "Square_01": [471, 533],
            "Square_02": [509, 533],
            "Square_03": [546, 533],
            "Square_04": [584, 533],
            "Square_05": [622, 533],
            "Square_06": [660, 533]
        },
        "39": {
            "Square_01": [471, 577],
            "Square_02": [509, 577],
            "Square_03": [546, 577],
            "Square_04": [584, 577],
            "Square_05": [622, 577],
            "Square_06": [660, 577]
        },
        "40": {
            "Square_01": [471, 621],
            "Square_02": [509, 621],
            "Square_03": [546, 621],
            "Square_04": [584, 621],
            "Square_05": [622, 621],
            "Square_06": [660, 621]
        }
    }
}